{
    "en": {
        "common_ok_button": "OK",
        "common_cancel_button": "Cancel",
        "common_close_button": "Close",
        "common_positive_button": "OK",
        "common_negative_button": "Cancel",
        "common_show_detail_button": "Details",
        "common_show_detail_message": "View details?",
        "common_error_label": "Error",
        "common_notice_title": "Notice",
        "ban_title": "Game Bans",
        "ban_detailpage_title": "Restriction of Game Use",
        "ban_detailpage_cs_guide_message": "* For more information, contact Customer Center.",
        "ban_user_message": "This account is restricted from game use.",
        "ban_description_label": "Game use has been restricted as follows, due to abnormal plays.",
        "ban_user_id_label": "Game User ID",
        "ban_reason_label": "Reason of Bans",
        "ban_date_label": "Duration of Bans",
        "ban_cs_label": "Customer Center",
        "ban_permanent_label": "Permanent Bans",
        "ban_show_cs_message": "Would you like to contact the customer center?",
        "launching_maintenance_title": "Maintenance",
        "launching_maintenance_message": "Service is under maintenance.",
        "launching_update_required_title": "Update Required",
        "launching_update_recommended_title": "Update Recommended",
        "launching_update_now_label": "Update Now",
        "launching_update_later_label": "Later",
        "launching_blocked_user_title": "Blocked User",
        "launching_service_closed_title": "Service Closed",
        "server_push_kickout_message": "Server access has been closed."
    },
    "ko": {
        "common_ok_button": "확인",
        "common_cancel_button": "취소",
        "common_close_button": "닫기",
        "common_positive_button": "확인",
        "common_negative_button": "취소",
        "common_show_detail_button": "자세히 보기",
        "common_show_detail_message": "자세히 보시겠습니까?",
        "common_error_label": "오류",
        "common_notice_title": "공지 사항",
        "ban_title": "이용 정지",
        "ban_detailpage_title": "게임 이용 제재",
        "ban_detailpage_cs_guide_message": "* 자세한 내용은 고객 센터로 문의해 주시기 바랍니다.",
        "ban_user_message": "게임 이용이 제한된 계정입니다.",
        "ban_description_label": "비정상적인 게임 플레이로 아래와 같이 이용이 제한되었습니다.",
        "ban_user_id_label": "게임유저 ID",
        "ban_reason_label": "이용 정지 사유",
        "ban_date_label": "이용 정지 기간",
        "ban_cs_label": "고객 센터",
        "ban_permanent_label": "영구 이용 정지",
        "ban_show_cs_message": "고객 센터로 이동하시겠습니까?",
        "launching_maintenance_title": "점검",
        "launching_maintenance_message": "서비스 점검 중입니다.",
        "launching_update_required_title": "업데이트 필수",
        "launching_update_recommended_title": "업데이트 권장",
        "launching_update_now_label": "지금 업데이트",
        "launching_update_later_label": "나중에",
        "launching_blocked_user_title": "차단된 사용자",
        "launching_service_closed_title": "서비스 종료",
        "server_push_kickout_message": "서버와의 접속이 종료 되었습니다."
    },
    "ja": {
        "common_ok_button": "確認",
        "common_cancel_button": "キャンセル",
        "common_close_button": "閉じる",
        "common_positive_button": "確認",
        "common_negative_button": "キャンセル",
        "common_show_detail_button": "詳細を見る",
        "common_show_detail_message": "詳細を見ますか？",
        "common_error_label": "エラー",
        "common_notice_title": "お知らせ",
        "ban_title": "利用制限",
        "ban_detailpage_title": "ゲーム利用制限",
        "ban_detailpage_cs_guide_message": "詳細についてはカスタマーセンターにお問い合わせください。",
        "ban_user_message": "ゲーム利用が制限されているアカウントです。",
        "ban_description_label": "不正なゲームプレイにより、以下のように利用が制限されました。",
        "ban_user_id_label": "ユーザーID",
        "ban_reason_label": "利用制限の理由",
        "ban_date_label": "利用制限期間",
        "ban_cs_label": "カスタマーセンター",
        "ban_permanent_label": "永久利用制限",
        "ban_show_cs_message": "カスタマーセンターに移動しますか？",
        "launching_maintenance_title": "メンテナンス",
        "launching_maintenance_message": "メンテナンス中です。",
        "launching_update_required_title": "アップデート(必須)",
        "launching_update_recommended_title": "アップデート(推奨)",
        "launching_update_now_label": "必須",
        "launching_update_later_label": "後で",
        "launching_blocked_user_title": "ブッロクされたユーザー",
        "launching_service_closed_title": "サービス終了",
        "server_push_kickout_message": "サーバーとの接続が途切れました。"
    }
}